<?xml version='1.0' encoding='utf-8'?>
<!DOCTYPE hibernate-configuration PUBLIC
    "-//Hibernate/Hibernate Configuration DTD 3.0//EN"
    "http://www.hibernate.org/dtd/hibernate-configuration-3.0.dtd">

<hibernate-configuration>
    <session-factory>

        <!-- Database connection settings -->
        <property name="connection.driver_class">com.mysql.jdbc.Driver</property>
        <property name="connection.url">jdbc:mysql://localhost/musicstore</property>
        <property name="connection.username">root</property>
        <property name="connection.password">tiger</property>
        <property name="hibernate.dialect">org.hibernate.dialect.MySQL5Dialect</property>

        <!-- Echo all executed SQL to stdout -->
        <property name="show_sql">false</property>
    </session-factory>
</hibernate-configuration>